BUFFERTEXT,,,,,,,,,,,,,DOESN'T NEED TO BE TRANSLATED
actionname_psychic_shot,"Psychic shot",,,,,,,,,,,,
actiondesc_psychic_shot,"Causes a projectile to be controlled telekinetically",,,,,,,,,,,,
actionname_lunge,"Lunge",,,,,,,,,,,,
actiondesc_lunge,"Launch yourself forwards with a burst of speed",,,,,,,,,,,,
actionname_projection_cast,"Projection cast",,,,,,,,,,,,
actiondesc_projection_cast,"Projects your cast to where your mind focuses",,,,,,,,,,,,
actionname_slow,"Speed Down",,,,,,,,,,,,
actiondesc_slow,"Decreases the speed at which a projectile flies through the air",,,,,,,,,,,,
actionname_clairvoyance,"Clairvoyance",,,,,,,,,,,,
actiondesc_clairvoyance,"Allows you to project your vision",,,,,,,,,,,,
actionname_peaceful_shot,"Peaceful Shot",,,,,,,,,,,,
actiondesc_peaceful_shot,"Sharply reduces the damage of a projectile",,,,,,,,,,,,
actionname_anchored_shot,"Anchored Shot",,,,,,,,,,,,
actiondesc_anchored_shot,"Anchors a projectile where it was fired",,,,,,,,,,,,
actionname_levity_shot,"Levity Shot",,,,,,,,,,,,
actiondesc_levity_shot,"Nullifies a projectile's gravity",,,,,,,,,,,,
actionname_separator_cast,"Separator cast",,,,,,,,,,,,
actiondesc_separator_cast,"Casts a projectile independent of any modifiers from its cast block. Has certain magical properties...",,,,,,,,,,,,
actionname_spread,"Spread",,,,,,,,,,,,
actiondesc_spread,"Adds spread to a projectile",,,,,,,,,,,,
actionname_dart,"Dart",,,,,,,,,,,,
actiondesc_dart,"An accelerating magical dart that pierces soft materials",,,,,,,,,,,,
actionname_temporary_circle,"Summon Circle",,,,,,,,,,,,
actiondesc_temporary_circle,"Summons a shortlived hollow circle",,,,,,,,,,,,
actionname_larpa_forwards,"Forwards Larpa",,,,,,,,,,,,
actiondesc_larpa_forwards,"Makes a projectile cast copies of itself forwards",,,,,,,,,,,,
actionname_wispy_shot,"Wispy Shot",,,,,,,,,,,,
actiondesc_wispy_shot,"Imbues a projectile with a wispy spirit",,,,,,,,,,,,
actionname_gunner_shot,"Gunner Shot",,,,,,,,,,,,
actiondesc_gunner_shot,"Makes a projectile rapidly fire weak shots at nearby foes",,,,,,,,,,,,
actionname_gunner_shot_strong,"Strong Gunner Shot",,,,,,,,,,,,
actiondesc_gunner_shot_strong,"Makes a projectile occasionally shoot powerful shots at nearby foes",,,,,,,,,,,,
actionname_soil_trail,"Soil Trail",,,,,,,,,,,,
actiondesc_soil_trail,"Gives a projectile a trail of soil",,,,,,,,,,,,
actionname_concreteball,"Chunk of Concrete",,,,,,,,,,,,
actiondesc_concreteball,"A spell with concrete results",,,,,,,,,,,,
actionname_zenith_disc,"Zenith disc",,,,,,,,,,,,
actiondesc_zenith_disc,"Summons a no-nonsense sawblade.",,,,,,,,,,,,
actionname_eviscerator_disc,"Eviscerator.",,,,,,,,,,,,
actiondesc_eviscerator_disc,"Please, don't cast this.",,,,,,,,,,,,
actionname_summon_hamis,"Summon Hämis",,,,,,,,,,,,
actiondesc_summon_hamis,"Praise Hämis.",,,,,,,,,,,,
actionname_silver_bullet,"Spirit bullet",,,,,,,,,,,,
actiondesc_silver_bullet,"A small bullet formed of ice magic",,,,,,,,,,,,
actionname_silver_magnum,"Spirit magnum",,,,,,,,,,,,
actiondesc_silver_magnum,"A large bullet formed of ice magic",,,,,,,,,,,,
actionname_silver_bullet_death_trigger,"Spirit bullet with expiration trigger",,,,,,,,,,,,
actiondesc_silver_bullet_death_trigger,"A small bullet formed of ice magic that casts another spell upon expiring",,,,,,,,,,,,
actionname_silver_magnum_death_trigger,"Spirit magnum with expiration trigger",,,,,,,,,,,,
actiondesc_silver_magnum_death_trigger,"A large bullet formed of ice magic that casts another spell upon expiring",,,,,,,,,,,,
actionname_slots_to_power,"Slots To Power",,,,,,,,,,,,
actiondesc_slots_to_power,"Increases a projectile's damage based on the number of empty slots in the wand",,,,,,,,,,,,
actionname_upgrade_gun_shuffle,"Upgrade - Unshuffle (One-off)",,,,,,,,,,,,
actiondesc_upgrade_gun_shuffle,"Cast inside a wand to unshuffle it at the cost of reduced stats. Spell is voided upon use!",,,,,,,,,,,,
actionname_upgrade_gun_shuffle_bad,"Upgrade - Shuffle (One-off)",,,,,,,,,,,,
actiondesc_upgrade_gun_shuffle_bad,"Cast inside a wand to shuffle it, but greatly improve its stats. Spell is voided upon use!",,,,,,,,,,,,
actionname_upgrade_actions_per_round,"Upgrade - Spells per Cast (One-off)",,,,,,,,,,,,
actiondesc_upgrade_actions_per_round,"Cast inside a wand to increase the amount of spells fired per cast. Spell is voided upon use!",,,,,,,,,,,,
actionname_upgrade_speed_multiplier,"Upgrade - Spell speed multiplier (One-off)",,,,,,,,,,,,
actiondesc_upgrade_speed_multiplier,"Cast inside a wand to increase the velocity of projectiles fired from it. Spell is voided upon use!",,,,,,,,,,,,
actionname_upgrade_gun_capacity,"Upgrade - Wand capacity (One-off)",,,,,,,,,,,,
actiondesc_upgrade_gun_capacity,"Cast inside a wand to increase the wand's total spell capacity. Spell is voided upon use!",,,,,,,,,,,,
actionname_upgrade_fire_rate_wait,"Upgrade - Cast Delay (One-off)",,,,,,,,,,,,
actiondesc_upgrade_fire_rate_wait,"Cast inside a wand to decrease the cast delay. Spell is voided upon use!",,,,,,,,,,,,
actionname_upgrade_reload_time,"Upgrade - Reload Time (One-off)",,,,,,,,,,,,
actiondesc_upgrade_reload_time,"Cast inside a wand to decrease the reload time. Spell is voided upon use!",,,,,,,,,,,,
actionname_upgrade_spread_degrees,"Upgrade - Accuracy (One-off)",,,,,,,,,,,,
actiondesc_upgrade_spread_degrees,"Cast inside a wand to increase the accuracy. Spell is voided upon use!",,,,,,,,,,,,
actionname_upgrade_mana_max,"Upgrade - Maximum mana (One-off)",,,,,,,,,,,,
actiondesc_upgrade_mana_max,"Cast inside a wand to increase its mana capacity. Spell is voided upon use!",,,,,,,,,,,,
actionname_upgrade_mana_charge_speed,"Upgrade - Mana charge speed (One-off)",,,,,,,,,,,,
actiondesc_upgrade_mana_charge_speed,"Cast inside a wand to increase its mana charge speed. Spell is voided upon use!",,,,,,,,,,,,
actionname_upgrade_gun_actions_permanent,"Upgrade - Always Cast (One-off)",,,,,,,,,,,,
actiondesc_upgrade_gun_actions_permanent,"Cast inside a wand to turn its first spell into an always cast. Spell is voided upon use!",,,,,,,,,,,,
actionname_upgrade_gun_actions_permanent_remove,"Upgrade - Remove Always Cast (One-off)",,,,,,,,,,,,
actiondesc_upgrade_gun_actions_permanent_remove,"Cast inside a wand to turn its first always cast into a spell. Spell is voided upon use!",,,,,,,,,,,,
actionname_damage_lifetime,"Damage growth",,,,,,,,,,,,
actiondesc_damage_lifetime,"Causes your projectile to gain damage the longer it's alive",,,,,,,,,,,,
actionname_hitfx_critical_charm,"Critical on charmed enemies",,,,,,,,,,,,
actiondesc_hitfx_critical_charm,"Makes a projectile always do a critical hit on charmed enemies",,,,,,,,,,,,
actionname_hitfx_critical_electrocuted,"Critical on electrocuted enemies",,,,,,,,,,,,
actiondesc_hitfx_critical_electrocuted,"Makes a projectile always do a critical hit on electrocuted enemies",,,,,,,,,,,,
actionname_hitfx_critical_frozen,"Critical on frozen enemies",,,,,,,,,,,,
actiondesc_hitfx_critical_frozen,"Makes a projectile always do a critical hit on frozen enemies",,,,,,,,,,,,
actionname_passive_mana,"Passive Mana",,,,,,,,,,,,
actiondesc_passive_mana,"Your wand regenerates mana faster!",,,,,,,,,,,,
actionname_freezing_vapour_trail,"Freezing Vapour Trail",,,,,,,,,,,,
actiondesc_freezing_vapour_trail,"Gives a projectile a trail of stinging frost",,,,,,,,,,,,
actionname_void_trail,"Void Liquid Trail",,,,,,,,,,,,
actiondesc_void_trail,"Gives a projectile a trail of pure darkness",,,,,,,,,,,,
actionname_damage_critical,"Critical strike",,,,,,,,,,,,
actiondesc_damage_critical,"Increases the critical damage of a spell",,,,,,,,,,,,
actionname_dimige,"Dimige",,,,,,,,,,,,
actiondesc_dimige,"Increases the damage done by a projectile slightly for each projectile spell on the wand",,,,,,,,,,,,
actionname_power_shot,"Power Shot",,,,,,,,,,,,
actiondesc_power_shot,"Cast a spell with increased damage and material penetration",,,,,,,,,,,,
actionname_sticky_shot,"Sticky Shot",,,,,,,,,,,,
actiondesc_sticky_shot,"Cast a spell which sticks to surfaces it hits",,,,,,,,,,,,
actionname_lovely_trail,"Lovely Trail",,,,,,,,,,,,
actiondesc_lovely_trail,"Show your enemies some love",,,,,,,,,,,,
actionname_starry_trail,"Starry Trail",,,,,,,,,,,,
actiondesc_starry_trail,"Only shooting stars",,,,,,,,,,,,
actionname_sparkling_trail,"Sparkling Trail",,,,,,,,,,,,
actiondesc_sparkling_trail,"Spread glitter across the world",,,,,,,,,,,,
actionname_null_trail,"Null Trail",,,,,,,,,,,,
actiondesc_null_trail,"Remove all particle emitters from a projectile",,,,,,,,,,,,
actionname_root_grower,"Creeping Vines",,,,,,,,,,,,
actiondesc_root_grower,"Spawns a mass of rapidly growing nature",,,,,,,,,,,,
actionname_homing_anti,"Anti Homing",,,,,,,,,,,,
actiondesc_homing_anti,"A projectile will be repelled by nearby enemies",,,,,,,,,,,,
actionname_alt_fire_flamethrower,"Alt Fire Flamethrower",,,,,,,,,,,,
actiondesc_alt_fire_flamethrower,"Fires a deadly stream of flames when you hold alt fire. (0.2s cooldown)",,,,,,,,,,,,
actionname_circle_edit_wands_everywhere,"Circle of Divine Blessing",,,,,,,,,,,,
actiondesc_circle_edit_wands_everywhere,"A field of modification magic",,,,,,,,,,,,
actionname_mini_shield,"Projectile Bubble Shield",,,,,,,,,,,,
actiondesc_mini_shield,"Encases a projectile in a deflective shield",,,,,,,,,,,,
actionname_ngon_shape,"Formation - N-gon",,,,,,,,,,,,
actiondesc_ngon_shape,"Cast all remaining spells in a circular pattern",,,,,,,,,,,,
actionname_stored_shot,"Stored cast",,,,,,,,,,,,
actiondesc_stored_shot,"Summon a magical phenomenon that casts a spell when you stop casting",,,,,,,,,,,,
actionname_barrier_trail,"Barrier Trail",,,,,,,,,,,,
actiondesc_barrier_trail,"Projectiles gain a trail of barriers",,,,,,,,,,,,
actionname_death_ray,"Deathray",,,,,,,,,,,,
actiondesc_death_ray,"A blast of crackling red energy",,,,,,,,,,,,
actionname_light_bullet_death_trigger,"Spark bolt with expiration trigger",,,,,,,,,,,,
actiondesc_light_bullet_death_trigger,"A spark bolt that casts another spell upon expiring",,,,,,,,,,,,
actionname_if_player,"Requirement - Player",,,,,,,,,,,,
actiondesc_if_player,"The next spell is skipped if the spell isn't cast by the player",,,,,,,,,,,,
actionname_if_alt_fire,"Requirement - Alt Fire",,,,,,,,,,,,
actiondesc_if_alt_fire,"The next spell is skipped if the alt fire key isn't held down",,,,,,,,,,,,
actionname_zipping_arc,"Zipping Arc",,,,,,,,,,,,
actiondesc_zipping_arc,"Causes a projectile to zip away from walls",,,,,,,,,,,,
actionname_slow_bullet_timer_2,"Energy orb with two timers",,,,,,,,,,,,
actiondesc_slow_bullet_timer_2,"An energy orb that casts two spells - one after a short delay and another after a longer delay.",,,,,,,,,,,,
actionname_slow_bullet_timer_n,"Energy orb with n timers",,,,,,,,,,,,
actiondesc_slow_bullet_timer_n,"A slow but powerful orb of energy that casts all remaining spells with a delay dependent on your cast delay",,,,,,,,,,,,
actionname_false_spell,"False Spell",,,,,,,,,,,,
actiondesc_false_spell,"A spell that quickly dissipates",,,,,,,,,,,,
actionname_psi,"Psi",,,,,,,,,,,,
actiondesc_psi,"Casts a copy of every spell in the last wand",,,,,,,,,,,,
actionname_delta,"Delta",,,,,,,,,,,,
actiondesc_delta,"Cycles through the wand, casting copies of spells.",,,,,,,,,,,,
actionname_auto_enemies,"Paranoia Casting",,,,,,,,,,,,
actiondesc_auto_enemies,"Your held wand fires when you're surrounded",,,,,,,,,,,,
actionname_auto_frame,"Automatic Casting",,,,,,,,,,,,
actiondesc_auto_frame,"Your held wand fires constantly",,,,,,,,,,,,
actionname_auto_holster,"Quick Draw Casting",,,,,,,,,,,,
actiondesc_auto_holster,"Your held wand fires when you equip your wand",,,,,,,,,,,,
actionname_auto_hp,"Stress Casting",,,,,,,,,,,,
actiondesc_auto_hp,"Your held wand fires when you're on the verge of death",,,,,,,,,,,,
actionname_auto_hurt,"Reactive Casting",,,,,,,,,,,,
actiondesc_auto_hurt,"Your held wand fires when you're hurt",,,,,,,,,,,,
actionname_auto_projectile,"Ballistic Casting",,,,,,,,,,,,
actiondesc_auto_projectile,"Your held wand fires when you're around projectiles",,,,,,,,,,,,
actionname_icicle_lance,"Icicle Lance",,,,,,,,,,,,
actiondesc_icicle_lance,"A rapidly accelerating icicle which impales itself into terrain",,,,,,,,,,,,
actionname_static_to_explosion,"Terrain Detonation",,,,,,,,,,,,
actiondesc_static_to_explosion,"Makes any hard, solid materials within a projectile's range explode violently",,,,,,,,,,,,
actionname_liquid_to_soil,"Liquids to Soil",,,,,,,,,,,,
actiondesc_liquid_to_soil,"Makes any fluids within a projectile's range turn earthly",,,,,,,,,,,,
actionname_powder_to_water,"Powders to water",,,,,,,,,,,,
actiondesc_powder_to_water,"Makes any soft, powdery materials within a projectile's range dissolve into water",,,,,,,,,,,,
actionname_powder_to_steel,"Powders to steel",,,,,,,,,,,,
actiondesc_powder_to_steel,"Makes any soft, powdery materials within a projectile's range become hard like metal",,,,,,,,,,,,
actionname_zap,"Zap",,,,,,,,,,,,
actiondesc_zap,"A short lived spark of electricity",,,,,,,,,,,,
actionname_matra_magic,"Matra Magic",,,,,,,,,,,,
actiondesc_matra_magic,"Summon a seeking arcane missile",,,,,,,,,,,,
actionname_vomere,"Vomeremancy",,,,,,,,,,,,
actiondesc_vomere,"Purge thy satiety; allow oneself to feast again!",,,,,,,,,,,,
actionname_circle_random,"Circle of Chaos",,,,,,,,,,,,
actiondesc_circle_random,"An expanding circle of a random material",,,,,,,,,,,,
actionname_cloud_random,"Chaos Cloud",,,,,,,,,,,,
actiondesc_cloud_random,"Creates a rain of a random material",,,,,,,,,,,,
actionname_touch_random,"Touch of Chaos",,,,,,,,,,,,
actiondesc_touch_random,"Transmutes everything in a short radius into a random material, including walls, creatures... and you",,,,,,,,,,,,
actionname_chunk_of_random,"Chunk of Chaos",,,,,,,,,,,,
actiondesc_chunk_of_random,"A blast of random material",,,,,,,,,,,,
actionname_material_random,"Droplet of Chaos",,,,,,,,,,,,
actiondesc_material_random,"Transmute drops of a random material from nothing",,,,,,,,,,,,
actionname_sea_random,"Sea of Chaos",,,,,,,,,,,,
actiondesc_sea_random,"Summons a large body of a random material below the caster",,,,,,,,,,,,
actionname_summon_anvil,"Summon Anvil",,,,,,,,,,,,
actiondesc_summon_anvil,"Summon a heavy anvil which can be kicked around and even moved by explosions",,,,,,,,,,,,
actionname_arcane_turret,"Spell turret",,,,,,,,,,,,
actiondesc_arcane_turret,"Conjures a magical turret that casts spells from your wand",,,,,,,,,,,,
actionname_arcane_turret_patient,"Calculating Spell Turret",,,,,,,,,,,,
actiondesc_arcane_turret_patient,"Conjures a magical turret that casts spells from your wand, but only when enemies are in range",,,,,,,,,,,,
actionname_recursive_larpa,"Recursive Larpa",,,,,,,,,,,,
actiondesc_recursive_larpa,"Causes a spell to cast a perfect copy of itself on death",,,,,,,,,,,,
actionname_larpa_field,"Larpa Lens",,,,,,,,,,,,
actiondesc_larpa_field,"Creates a field that duplicates projectiles passing through it",,,,,,,,,,,,
actionname_shield_sapper,"Shield Sapper",,,,,,,,,,,,
actiondesc_shield_sapper,"Slowly sap nearby energy shields (including your own)",,,,,,,,,,,,
actionname_paper_shot,"Paper Shot",,,,,,,,,,,,
actiondesc_paper_shot,"Projectiles are affected by a very low terminal velocity",,,,,,,,,,,,
actionname_feather_shot,"Feather Shot",,,,,,,,,,,,
actiondesc_feather_shot,"A projectile has reduced terminal velocity and added lifetime",,,,,,,,,,,,
actionname_scatter_6,"Sextuple scatter spell",,,,,,,,,,,,
actiondesc_scatter_6,"Simultaneously casts 6 spells with low accuracy",,,,,,,,,,,,
actionname_scatter_8,"Octuple scatter spell",,,,,,,,,,,,
actiondesc_scatter_8,"Simultaneously casts 8 spells with low accuracy",,,,,,,,,,,,
actionname_cloud_magic_liquid_hp_regeneration,"Healthy Cloud",,,,,,,,,,,,
actiondesc_cloud_magic_liquid_hp_regeneration,"Creates a soothing rain that cures your wounds",,,,,,,,,,,,
actionname_chaos_sprites,"Chaos Sprites",,,,,,,,,,,,
actiondesc_chaos_sprites,"Cast an uncontrolled burst of projectiles",,,,,,,,,,,,
actionname_shield_ghost,"Summon Shielding Ghost",,,,,,,,,,,,
actiondesc_shield_ghost,"Summons a tiny ethereal being to your help. It will fire protective shots that grant you an energy shield.",,,,,,,,,,,,
actionname_vacuum_claw,"Vacuum Claw",,,,,,,,,,,,
actiondesc_vacuum_claw,"A feral slash that sucks in your foes",,,,,,,,,,,,
actionname_caustic_claw,"Caustic Claw",,,,,,,,,,,,
actiondesc_caustic_claw,"An acidic claw that melts your foes",,,,,,,,,,,,
actionname_luminous_blade,"Luminous Blade",,,,,,,,,,,,
actiondesc_luminous_blade,"A sword of pure light that slices through enemies with such grace that it doesn't damage the environment",,,,,,,,,,,,
actionname_invert,"Invert Speed",,,,,,,,,,,,
actiondesc_invert,"Reverses the direction that a spell flies",,,,,,,,,,,,
actionname_teleport_projectile_short_trigger_death,"Small Teleport Bolt with Expiration Trigger",,,,,,,,,,,,
actiondesc_teleport_projectile_short_trigger_death,"A shortlived magical bolt that moves you and casts another spell wherever it ends up flying",,,,,,,,,,,,
actionname_death_cross_trail,"Death Cross Trail",,,,,,,,,,,,
actiondesc_death_cross_trail,"Projectiles leave a devastating trail of deathly crosses",,,,,,,,,,,,
actionname_glittering_trail,"Glittering Trail",,,,,,,,,,,,
actiondesc_glittering_trail,"Projectiles gain a trail of explosions",,,,,,,,,,,,
actionname_silver_bullet_ray,"Assault shot",,,,,,,,,,,,
actiondesc_silver_bullet_ray,"Makes a projectile rapidly fire spirit bullets",,,,,,,,,,,,
actionname_silver_bullet_ray_6,"Hexassault shot",,,,,,,,,,,,
actiondesc_silver_bullet_ray_6,"Makes a projectile fire spirit bullets from its sides",,,,,,,,,,,,
actionname_silver_bullet_on_death,"Spirit Scatter",,,,,,,,,,,,
actiondesc_silver_bullet_on_death,"Makes a projectile fire spirit bullets when it dies",,,,,,,,,,,,
actionname_silver_bullet_ray_spin,"Spirit Spread",,,,,,,,,,,,
actiondesc_silver_bullet_ray_spin,"Makes a projectile fire spirit bullets in a circle",,,,,,,,,,,,
actionname_silver_bullet_ray_enemy,"Personal Spirit Spread",,,,,,,,,,,,
actiondesc_silver_bullet_ray_enemy,"Causes hit enemies to spray out bullets",,,,,,,,,,,,
actionname_ice_orb,"Frost Orb",,,,,,,,,,,,
actiondesc_ice_orb,"A chilling orb which shatters on death",,,,,,,,,,,,
actionname_charm_field,"Circle of Persuasion",,,,,,,,,,,,
actiondesc_charm_field,"A field of charming magic",,,,,,,,,,,,
actionname_mana_random,"Random Mana",,,,,,,,,,,,
actiondesc_mana_random,"Adds or removes a random amount of mana to the wand",,,,,,,,,,,,
actionname_hitfx_wet_2x_damage_freeze,"Snap Freeze",,,,,,,,,,,,
actiondesc_hitfx_wet_2x_damage_freeze,"A projectile will deal 2x damage to wet enemies and freeze them",,,,,,,,,,,,
actionname_hitfx_bloody_2x_damage_poisoned,"Viral Affliction",,,,,,,,,,,,
actiondesc_hitfx_bloody_2x_damage_poisoned,"A projectile will deal 2x damage to bloody enemies and poison them",,,,,,,,,,,,
actionname_hitfx_oiled_2x_damage_burn,"Flash Burn",,,,,,,,,,,,
actiondesc_hitfx_oiled_2x_damage_burn,"A projectile will deal 2x damage to oiled enemies and engulf them in flames",,,,,,,,,,,,
actionname_blindness,"Blinding Shot",,,,,,,,,,,,
actiondesc_blindness,"A projectile will blind anyone it hits, including you...",,,,,,,,,,,,
actionname_material_magic_liquid_polymorph,"Polymorphine",,,,,,,,,,,,
actiondesc_material_magic_liquid_polymorph,"Transmute globs of polymorphine from nothing",,,,,,,,,,,,
actionname_ophiuchus,"Ophiuchus Arts",,,,,,,,,,,,
actiondesc_ophiuchus,"All your damage is halved, then converted to healing, and your projectile can hit you. The next spell costs twice as much mana.",,,,,,,,,,,,
actionname_nugget_shot,"Nugget Shot",,,,,,,,,,,,
actiondesc_nugget_shot,"Hurl some of your hard earned gold at the enemy. Requires 10 gold",,,,,,,,,,,,
actionname_astral_vortex,"Astral Vortex",,,,,,,,,,,,
actiondesc_astral_vortex,"Summons a swirling phenomenon that fires 5 bursts of astral energy",,,,,,,,,,,,
actionname_laser_emitter_small,"Plasma Shiv",,,,,,,,,,,,
actiondesc_laser_emitter_small,"A short beam of light",,,,,,,,,,,,
actionname_acid,"Acidic Shot",,,,,,,,,,,,
actiondesc_acid,"Affected projectiles will explode into dangerous acid",,,,,,,,,,,,
actionname_cement,"Cementing shot",,,,,,,,,,,,
actiondesc_cement,"He really cemented himself as a household name",,,,,,,,,,,,
actionname_lifetime_random,"Randomize Lifetime",,,,,,,,,,,,
actiondesc_lifetime_random,"Randomizes the lifetime of a projectile",,,,,,,,,,,,
actionname_delay_2,"Double Delay Spell",,,,,,,,,,,,
actiondesc_delay_2,"Casts 2 spells in sequence",,,,,,,,,,,,
actionname_delay_3,"Triple Delay Spell",,,,,,,,,,,,
actiondesc_delay_3,"Casts 3 spells in sequence",,,,,,,,,,,,
actionname_delay_x,"Total Delay Spell",,,,,,,,,,,,
actiondesc_delay_x,"Casts all remaining spells in sequence",,,,,,,,,,,,
actionname_chaos_ray,"Pandora Shot",,,,,,,,,,,,
actiondesc_chaos_ray,"Your projectile fires out random projectiles",,,,,,,,,,,,
actionname_order_deck,"Order Deck",,,,,,,,,,,,
actiondesc_order_deck,"Your wand casts spells in order",,,,,,,,,,,,
actionname_mana_efficency,"Mana Efficiency",,,,,,,,,,,,
actiondesc_mana_efficency,"The next spell costs half as much mana",,,,,,,,,,,,
actionname_ult_damage,"Empower",,,,,,,,,,,,
actiondesc_ult_damage,"The next spell deals 5x more damage, but costs 3x more mana",,,,,,,,,,,,
actionname_ult_draw_many,"Stack",,,,,,,,,,,,
actiondesc_ult_draw_many,"Fire all remaining spells with stat improvements proportional to spells drawn.",,,,,,,,,,,,
actionname_ult_lifetime,"Bind",,,,,,,,,,,,
actiondesc_ult_lifetime,"Cast a spell that drains 30 mana every second, but doesn't die unless your wand runs out of mana.",,,,,,,,,,,,
actionname_ult_control,"Impose",,,,,,,,,,,,
actiondesc_ult_control,"A spell will follow your cursor",,,,,,,,,,,,
actionname_ult_recharge,"Haste",,,,,,,,,,,,
actiondesc_ult_recharge,"Dramatically reduce the next spell's cast delay and recharge time, but it will cost double mana",,,,,,,,,,,,
actionname_ult_protection,"Fortify",,,,,,,,,,,,
actiondesc_ult_protection,"Cast the next spell with a 3x higher mana cost, but it can not directly damage you",,,,,,,,,,,,
actionname_balloon,"Alchemia Balloon",,,,,,,,,,,,
actiondesc_balloon,"A balloon that's filled with a material from your last potion",,,,,,,,,,,,
actionname_homing_seeker,"Seeker Shot",,,,,,,,,,,,
actiondesc_homing_seeker,"Projectiles rotate and accelerate towards the nearest target in front of them",,,,,,,,,,,,
actionname_persistent_shot,"Persistent Shot",,,,,,,,,,,,
actiondesc_persistent_shot,"Cast 2 spells that keep moving in the direction they were cast",,,,,,,,,,,,
actionname_hyper_bounce,"Hyper Bounce",,,,,,,,,,,,
actiondesc_hyper_bounce,"Cast a spell with unrivaled bouncing potential",,,,,,,,,,,,
actionname_ultrakill,"Steel Sole",,,,,,,,,,,,
actiondesc_ultrakill,"Kick nearby projectiles to launch them forwards. Costs 5 mana per projectile",,,,,,,,,,,,
actionname_wood_brush,"Engineering Shot",,,,,,,,,,,,
actiondesc_wood_brush,"Cast a spell which leaves sturdy wood in its wake",,,,,,,,,,,,
actionname_homing_anti_shooter,"Repulsion Shot",,,,,,,,,,,,
actiondesc_homing_anti_shooter,"Projectiles will be repelled from the caster",,,,,,,,,,,,
actionname_alcohol_shot,"Inebriation",,,,,,,,,,,,
actiondesc_alcohol_shot,"A projectile will make the enemies it hits drunk",,,,,,,,,,,,
actionname_spread_damage,"Area Damage",,,,,,,,,,,,
actiondesc_spread_damage,"Projectiles deal their damage in a radius around them, but cost 2x more mana to cast",,,,,,,,,,,,
actionname_summon_jar_urine,"Jarate",,,,,,,,,,,,
actiondesc_summon_jar_urine,"Jar-based Karate",,,,,,,,,,,,
actionname_damage_bounce,"Bouncing Damage",,,,,,,,,,,,
actiondesc_damage_bounce,"Increases the damage done by a projectile every time it bounces",,,,,,,,,,,,
actionname_die,"Die",,,,,,,,,,,,
actiondesc_die,"Reverses the flow of mana in your body, giving you a quick and painless death.",,,,,,,,,,,,
actionname_energy_shield_directional,"Smart Energy Shield",,,,,,,,,,,,
actiondesc_energy_shield_directional,"A denser energy shield which turns towards projectiles.",,,,,,,,,,,,
actionname_cleaning_tool,"Mop",,,,,,,,,,,,
actiondesc_cleaning_tool,"Clean the ground around you!",,,,,,,,,,,,
actionname_coin,"Toss Coin",,,,,,,,,,,,
actiondesc_coin,"Toss a coin in the air. Requires 10 gold. Maybe you can shoot it?",,,,,,,,,,,,
actionname_alt_fire_coin,"Alt Fire Toss Coin",,,,,,,,,,,,
actiondesc_alt_fire_coin,"Toss a coin in the air when you alt fire. Requires 10 gold. Maybe you can shoot it?",,,,,,,,,,,,
actionname_vertical_arc,"Vertical Path",,,,,,,,,,,,
actiondesc_vertical_arc,"Forces a projectile on a vertical path, but increases its damage",,,,,,,,,,,,
actionname_arc_concrete,"Concrete Arc",,,,,,,,,,,,
actiondesc_arc_concrete,"Creates arcs of concrete between projectiles. Make sure not to get stuck! (requires 2 projectile spells)",,,,,,,,,,,,
actionname_mana_engine,"Mana Engine",,,,,,,,,,,,
actiondesc_mana_engine,"Adds additional mana when you fire consecutively.",,,,,,,,,,,,
actionname_recharge_engine,"Recharge Engine",,,,,,,,,,,,
actiondesc_recharge_engine,"Reduces time between spellcasts when you fire consecutively.",,,,,,,,,,,,
actionname_damage_engine,"Overheat Engine",,,,,,,,,,,,
actiondesc_damage_engine,"Adds burning damage when you fire consecutively, but you may catch on fire!",,,,,,,,,,,,
actionname_shield_engine,"Shield Engine",,,,,,,,,,,,
actiondesc_shield_engine,"Bolsters your defences while you fire consecutively",,,,,,,,,,,,
actionname_recharge_unstable,"Unstable Recharge",,,,,,,,,,,,
actiondesc_recharge_unstable,"Greatly reduces the time between spellcasts, with an increasing chance to malfunction",,,,,,,,,,,,
actionname_rainbow_trail,"Rainbow Trail",,,,,,,,,,,,
actiondesc_rainbow_trail,"Show your colour",,,,,,,,,,,,
actionname_confetti_trail,"Confetti Trail",,,,,,,,,,,,
actiondesc_confetti_trail,"Causes a projectile to spray confetti everywhere!",,,,,,,,,,,,
actionname_sword_formation,"Sword Formation",,,,,,,,,,,,
actiondesc_sword_formation,"Cast 5 spells that are held in place in front of your wand",,,,,,,,,,,,
actionname_link_shot,"Link Shot",,,,,,,,,,,,
actiondesc_link_shot,"Cast 2 spells which die together",,,,,,,,,,,,
actionname_reduce_knockback,"Reduce Knockback",,,,,,,,,,,,
actiondesc_reduce_knockback,"Reduces the knockback of a projectile",,,,,,,,,,,,
actionname_barrier_arc,"Barrier Arc",,,,,,,,,,,,
actiondesc_barrier_arc,"Creates arcs of barriers between projectiles (requires 2 projectile spells)",,,,,,,,,,,,
actionname_liquid_eater,"Drying Shot",,,,,,,,,,,,
actiondesc_liquid_eater,"Makes a projectile erase liquids as it flies",,,,,,,,,,,,
actionname_burst_fire,"Burst Fire",,,,,,,,,,,,
actiondesc_burst_fire,"Fire the next spell three times in quick succession based on current cast delay",,,,,,,,,,,,
actionname_transmission_cast,"Transmission Cast",,,,,,,,,,,,
actiondesc_transmission_cast,"A projectile will teleport you to where it expires.",,,,,,,,,,,,
actionname_circle_boost,"Circle of Celerity",,,,,,,,,,,,
actiondesc_circle_boost,"A field of accelerative magic",,,,,,,,,,,,
actionname_meta_skip_projectile,"Zai",,,,,,,,,,,,
actiondesc_meta_skip_projectile,"All projectiles after this spell will be skipped.",,,,,,,,,,,,
actionname_meta_stop_skip_projectile,"Sin",,,,,,,,,,,,
actiondesc_meta_stop_skip_projectile,"No projectiles after this spell will be skipped.",,,,,,,,,,,,
actionname_meta_skip_all,"Yod",,,,,,,,,,,,
actiondesc_meta_skip_all,"All spells after this spell will be skipped.",,,,,,,,,,,,
actionname_meta_skip_none,"Baet",,,,,,,,,,,,
actiondesc_meta_skip_none,"No spells after this spell will be skipped.",,,,,,,,,,,,
actionname_meta_skip_modifier,"Mem",,,,,,,,,,,,
actiondesc_meta_skip_modifier,"Modifiers and multicasts after this spell will be skipped.",,,,,,,,,,,,
actionname_meta_skip_projectile_if_projectile,"Tsade",,,,,,,,,,,,
actiondesc_meta_skip_projectile_if_projectile,"All projectiles will be skipped if too many of your own projectiles exist.",,,,,,,,,,,,
actionname_summon_flask,"Summon flask",,,,,,,,,,,,
actiondesc_summon_flask,"Summons an empty flask",,,,,,,,,,,,
actionname_summon_flask_full,"Summon filled flask",,,,,,,,,,,,
actiondesc_summon_flask_full,"Summons a flask filled with a random material",,,,,,,,,,,,
actionname_teleport,"Teleport",,,,,,,,,,,,
actiondesc_teleport,"Cast a spell on yourself to teleport ahead!",,,,,,,,,,,,
actionname_teleport_bad,"Teleport?",,,,,,,,,,,,
actiondesc_teleport_bad,"Cast a spell on yourself to teleport ahead?",,,,,,,,,,,,
actionname_homing_bounce,"Bouncing Homing",,,,,,,,,,,,
actiondesc_homing_bounce,"Redirects a projectile every time it bounces.",,,,,,,,,,,,
actionname_homing_bounce_cursor,"Bouncing Redirect",,,,,,,,,,,,
actiondesc_homing_bounce_cursor,"Redirects a projectile towards your cursor every time it bounces.",,,,,,,,,,,,
actionname_homing_interval,"Interval Homing",,,,,,,,,,,,
actiondesc_homing_interval,"Redirects a projectile towards enemies occasionally",,,,,,,,,,,,
actionname_homing_macross,"Delayed Homing",,,,,,,,,,,,
actiondesc_homing_macross,"Projectiles will begin homing after a delay.",,,,,,,,,,,,
actionname_duplicate_action,"Mimic Spell",,,,,,,,,,,,
actiondesc_duplicate_action,"When cast, this spell will mimic the spell after it!",,,,,,,,,,,,
actionname_polymorph,"Polymorph",,,,,,,,,,,,
actiondesc_polymorph,"Cast a spell on yourself to become a fluffy critter!",,,,,,,,,,,,
actionname_sus_trail,"Sus Trail",,,,,,,,,,,,
actiondesc_sus_trail,"A rather.. ..suspicious.. trail of particles..",,,,,,,,,,,,
actionname_music_player,"Musical Wand",,,,,,,,,,,,
actiondesc_music_player,"You hear an enchanting song while holding your wand!",,,,,,,,,,,,
actionname_grappling_hook,"Arcane Hook",,,,,,,,,,,,
actiondesc_grappling_hook,"A magical hook which draws you in when it lands!",,,,,,,,,,,,
actionname_grappling_hook_shot,"Hooking Shot",,,,,,,,,,,,
actiondesc_grappling_hook_shot,"Projectiles fire out hooks after a period of time.",,,,,,,,,,,,
actionname_circle_anchor,"Circle of Serenity",,,,,,,,,,,,
actiondesc_circle_anchor,"A field of lethargic magic",,,,,,,,,,,,
actionname_grappling_hook_ray_enemy,"Personal Hook Thrower",,,,,,,,,,,,
actiondesc_grappling_hook_ray_enemy,"Causes hit enemies to uncontrollably grapple around.",,,,,,,,,,,,
actionname_alt_fire_grappling_hook,"Alt Fire Arcane Hook",,,,,,,,,,,,
actiondesc_alt_fire_grappling_hook,"Fires a magical hook when you alt fire. (0.5s cooldown)",,,,,,,,,,,,
actionname_true_chaos_ray,"Unstable Pandora Shot",,,,,,,,,,,,
actiondesc_true_chaos_ray,"Your projectile fires out truly random projectiles",,,,,,,,,,,,
actionname_hitfx_larpa,"Personal Larpa",,,,,,,,,,,,
actiondesc_hitfx_larpa,"Your projectile duplicates hit creatures. Uncopyable. Doubles mana costs.",,,,,,,,,,,,
actionname_arcana_to_power,"Arcana To Power",,,,,,,,,,,,
actiondesc_arcana_to_power,"Burns the very fabric of magic to empower your spells!",,,,,,,,,,,,
actionname_spindown_spell,"Spelldown",,,,,,,,,,,,
actiondesc_spindown_spell,"The next spell instead casts an arcanely adjacent spell..?",,,,,,,,,,,,
actionname_duplicate_action_2,"Duplicast",,,,,,,,,,,,
actiondesc_duplicate_action_2,"When cast, this spell will weave a virtual copy of the next spell, then draw it!",,,,,,,,,,,,
actionname_duplicate_action_3,"Triplicast",,,,,,,,,,,,
actiondesc_duplicate_action_3,"When cast, this spell will weave two virtual copies of the next spell, then draw one!",,,,,,,,,,,,
actionname_imprint,"Imprint",,,,,,,,,,,,
actiondesc_imprint,"The next spell instead casts something wildly different!",,,,,,,,,,,,
actionname_action_inversion,"Unravel",,,,,,,,,,,,
actiondesc_action_inversion,"Tears the next spell to the very fibres of mana that compose it, and sews it in reverse???",,,,,,,,,,,,
actionname_balance,"Balance",,,,,,,,,,,,
actiondesc_balance,"Balances the next spell's recharge time and cast delay.",,,,,,,,,,,,
actionname_gilded_axe,"Gilded Axe",,,,,,,,,,,,
actiondesc_gilded_axe,"A glistening axe which hastens your wand as long as it is stuck in an enemy.",,,,,,,,,,,,
actionname_trigger_damage_received,"Revenge Trigger",,,,,,,,,,,,
actiondesc_trigger_damage_received,"Store a spell which will be fired when you take damage",,,,,,,,,,,,
actionname_riphook,"Riphook",,,,,,,,,,,,
actiondesc_riphook,"A cruel hook which drags the first creature it strikes",,,,,,,,,,,,
actionname_revenge_recharge,"Revenge Recharge",,,,,,,,,,,,
actiondesc_revenge_recharge,"Instantly recharge your wand when you get hurt! (0.5s cooldown)",,,,,,,,,,,,
actionname_firesphere,"Searing Sphere",,,,,,,,,,,,
actiondesc_firesphere,"A growing inferno which burns mana to expand, incinerating anyone in it's range!",,,,,,,,,,,,
actionname_alt_fire_riphook,"Alt Fire Riphook",,,,,,,,,,,,
actiondesc_alt_fire_riphook,"Fires a cruel hook when you alt fire. (0.5s cooldown)",,,,,,,,,,,,
actionname_spectral_hook,"Ethereal Hook",,,,,,,,,,,,
actiondesc_spectral_hook,"A ghostly hook which draws you in when it comes to a stop, even through terrain!",,,,,,,,,,,,
actionname_alt_fire_bomb,"Alt Fire Bomb",,,,,,,,,,,,
actiondesc_alt_fire_bomb,"Fires a bomb which destroys ground efficiently when you alt fire. (1.7s cooldown)",,,,,,,,,,,,
COMMENT,"Loop cast has been changed in v0.52, to be way less lame. Latter is correct.",,,,,,,,,,,,
actionname_loop_cast,"Loopcast",,,,,,,,,,,,
actiondesc_loop_cast,"When cast, the wand will only fire the following spells until you switch wands.",,,,,,,,,,,,
actiondesc_loop_cast,"Cast the next spell until your wand runs out of mana, up to an amount of times equal to your wand's capacity.",,,,,,,,,,,,
actionname_flip_every_other,"Cyclic Deck",,,,,,,,,,,,
actiondesc_flip_every_other,"Every other wand cast will be in reverse order, but all mana costs are halved!",,,,,,,,,,,,
actionname_crimson_dagger,"Crimson Dagger",,,,,,,,,,,,
actiondesc_crimson_dagger,"An otherwordly knife which has a chance to restore spell charges if it takes lives.",,,,,,,,,,,,
actionname_ice_cube,"Ice Cube",,,,,,,,,,,,
actiondesc_ice_cube,"A block of solid ice, cold enough to the touch that it hurts.",,,,,,,,,,,,
actionname_mana_delta,"Delta Mana",,,,,,,,,,,,
actiondesc_mana_delta,"Adds increasing mana depending on how long since this spell was last cast, up to 120 after a second.",,,,,,,,,,,,
actionname_pain_ray,"Pain Beam",,,,,,,,,,,,
actiondesc_pain_ray,"A ''harmless'' ray of mental magic which causes it's victim to convulse and spasm with immense pain",,,,,,,,,,,,
actionname_average_mana,"Mana Link",,,,,,,,,,,,
actiondesc_average_mana,"Your wand's mana regeneration is replaced with the average of all your wands' mana regeneration stats.",,,,,,,,,,,,
actionname_infernal_streak,"Infernal Streak [wip]",,,,,,,,,,,,
actiondesc_infernal_streak,"A blazing ray of hellish flames, which deals 100% of it's damage as fire damage.",,,,,,,,,,,,
actionname_area_of_effect,"Infliction",,,,,,,,,,,,
actiondesc_area_of_effect,"A wave of magic which applies on-hit modifiers to enemies in a large area, without dealing direct damage.",,,,,,,,,,,,
actionname_holy_ray,"Divine Smite [wip]",,,,,,,,,,,,
actiondesc_holy_ray,"A hallowed beam of divine light",,,,,,,,,,,,
actionname_ammo_box,"Ammo Box",,,,,,,,,,,,
actiondesc_ammo_box,"Projectile spells will use charges from this spell before their own.",,,,,,,,,,,,
actionname_ammo_from_hp,"Blood is Fuel",,,,,,,,,,,,
actiondesc_ammo_from_hp,"Use a spell's mana cost in HP instead of charges, given you have over half health.",,,,,,,,,,,,
actionname_soulknightreference,"Aftershock",,,,,,,,,,,,
actiondesc_soulknightreference,"A projectile consumes 1% of your wand's mana to deal bonus electric damage after hitting an enemy.",,,,,,,,,,,,
actionname_larpa_but_good,"Grand Larpa",,,,,,,,,,,,
actiondesc_larpa_but_good,"Makes a projectile cast deeper copies of itself in random directions, at the cost of mana.",,,,,,,,,,,,
actionname_gate_mana,"Mana Gate",,,,,,,,,,,,
actiondesc_gate_mana,"Skips all remaining spells if your wand is not full on mana.",,,,,,,,,,,,
actionname_gate_hp,"Health Gate",,,,,,,,,,,,
actiondesc_gate_hp,"Skips all remaining spells if you're above 25% HP.",,,,,,,,,,,,
actionname_glyph_of_bullshit,"Glyph of Warding",,,,,,,,,,,,
actiondesc_glyph_of_bullshit,"Sets an arcane trap which triggers the next spell, or an explosion if there is no spell after it.",,,,,,,,,,,,
actionname_starlight_axe,"Starlight Axe",,,,,,,,,,,,
actiondesc_starlight_axe,"An axe which sparkles like stars, it restores 60 mana for every non-lethal strike on an enemy.",,,,,,,,,,,,
actionname_haunted_hatchet,"Haunted Hatchet",,,,,,,,,,,,
actiondesc_haunted_hatchet,"A possessed axe, it seeks out foes and corrupts their spirits, leaving a deathly ghost postmortem.",,,,,,,,,,,,
actionname_hydrojet,"Pressure Washer",,,,,,,,,,,,
actiondesc_hydrojet,"A strong jet of water, with 100% more wandbuilding value!",,,,,,,,,,,,
actionname_timestop,"Cease Chronology",,,,,,,,,,,,
actiondesc_timestop,"Stop time in an area!",,,,,,,,,,,,
actionname_malice_bolt,"Malicious Bolt",,,,,,,,,,,,
actiondesc_malice_bolt,"A streak of vile energy which seeks out foes, gaining damage with each hit.",,,,,,,,,,,,
actionname_ror2collapse,"Collapse",,,,,,,,,,,,
actiondesc_ror2collapse,"Projectiles deal a large amount of damage after a delay.",,,,,,,,,,,,
actionname_black_hole_mini_1,"Singularity",,,,,,,,,,,,
actiondesc_black_hole_mini_1,"A miniature orb of void that consumes matter",,,,,,,,,,,,
actionname_black_hole_mini_3,"Singularity Spray",,,,,,,,,,,,
actiondesc_black_hole_mini_3,"Three miniature orbs of void that consume matter",,,,,,,,,,,,
actionname_black_hole_mini_5,"Singularity Fusillade",,,,,,,,,,,,
actiondesc_black_hole_mini_5,"Five miniature orbs of void that consume matter",,,,,,,,,,,,
actionname_vortex,"Hellish Cyclone",,,,,,,,,,,,
actiondesc_vortex,"A swirling vortex of infernal fire!",,,,,,,,,,,,
actionname_stun_bombs,"Concussive Bombs",,,,,,,,,,,,
actiondesc_stun_bombs,"Summons three dazzling bombs!",,,,,,,,,,,,
actionname_bomb_small,"Mini Bombs",,,,,,,,,,,,
actiondesc_bomb_small,"Summons three bombs that do not destroy ground very efficiently",,,,,,,,,,,,
actionname_boring_bomb,"Bore Bomb",,,,,,,,,,,,
actiondesc_boring_bomb,"Summons a bomb that bores a hole away from it's caster",,,,,,,,,,,,
actionname_cloud_disc_bullet,"Saw Cloud",,,,,,,,,,,,
actiondesc_cloud_disc_bullet,"Creates a rain of steel",,,,,,,,,,,,
actionname_cloud_disc_bullet_big,"Giga Saw Cloud",,,,,,,,,,,,
actiondesc_cloud_disc_bullet_big,"Creates a monsoon of steel",,,,,,,,,,,,
actionname_cloud_silver_bullet,"Spirit Bullet Cloud",,,,,,,,,,,,
actiondesc_cloud_silver_bullet,"Creates a rain of ammunition",,,,,,,,,,,,
actionname_coward_bolt_death_trigger,"Coward Bolt with expiration trigger",,,,,,,,,,,,
actiondesc_coward_bolt_death_trigger,"A projectile which explodes from fright near foes, that casts another spell upon expiring",,,,,,,,,,,,
actionname_aerodisc,"Aerodisc",,,,,,,,,,,,
actiondesc_aerodisc,"A slicing wind that bounces erratically, cutting both friends and foes!",,,,,,,,,,,,
actionname_redirect_this,"Reroute",,,,,,,,,,,,
actiondesc_redirect_this,"Causes a projectile to redirect itself once when you fire.",,,,,,,,,,,,
actionname_redirect_this_rare,"Unending Reroute",,,,,,,,,,,,
actiondesc_redirect_this_rare,"Causes a projectile to redirect itself every time you fire.",,,,,,,,,,,,
actionname_vile_eye,"Visions of the Vile",,,,,,,,,,,,
actiondesc_vile_eye,"Conjure an enchanted eyeball which you see out of, only one may exist at a time. Costs 5 hitpoints to cast. Hold 'down' for 3 seconds to cancel.",,,,,,,,,,,,
actionname_holiest_bomb,"Holiest Bomb",,,,,,,,,,,,
actiondesc_holiest_bomb,"Hallowed be thy Handgrenades, Blessed be thy Bombs, Divine be thy Devastation... Strike with the force of a god.",,,,,,,,,,,,
actionname_touch_grass,"Touch (of) Grass",,,,,,,,,,,,
actiondesc_touch_grass,"Transmutes everything in a short radius into grass, including walls, creatures... and you.",,,,,,,,,,,,
actionname_random_projectile_real,"Esoteric Name Which Should Only Be Visible In The Progress Menu",,,,,,,,,,,,
actiondesc_random_projectile_real,"Funny fourth wall breaking meta description here.",,,,,,,,,,,,
actionname_inventory_wand,"Magic Bag",,,,,,,,,,,,
actiondesc_inventory_wand,"Casts every spell from your inventory.",,,,,,,,,,,,
actionname_electric_teleport,"Lightning Step",,,,,,,,,,,,
actiondesc_electric_teleport,"Move at the speed of light, harming everything in your way.",,,,,,,,,,,,
actionname_divine_daggers,"Divine Daggers",,,,,,,,,,,,
actiondesc_divine_daggers,"Fire a salvo of blades made of pure radiance.",,,,,,,,,,,,
actionname_harpoon,"Harpoon",,,,,,,,,,,,
actiondesc_harpoon,"Fire a harpoon.",,,,,,,,,,,,
actionname_poly_propane_tank,"Polymorphine Tank",,,,,,,,,,,,
actiondesc_poly_propane_tank,"Summons a polymorphine tank. What the fuck is wrong with you.",,,,,,,,,,,,
actionname_shatter,"Shatter",,,,,,,,,,,,
actiondesc_shatter,"Deals additional damage to frozen enemies, and shatters them into lethal ice on kill!",,,,,,,,,,,,
actionname_velocity_up,"Maximize",,,,,,,,,,,,
actiondesc_velocity_up,"Everything is accelerated.",,,,,,,,,,,,
actionname_velocity_down,"Minimize",,,,,,,,,,,,
actiondesc_velocity_down,"Everything is deaccelerated.",,,,,,,,,,,,
actionname_slots_to_speed,"Slots to Speed",,,,,,,,,,,,
actiondesc_slots_to_speed,"Move faster while you have empty slots.",,,,,,,,,,,,
actionname_damage_bane_slime,"Bane of the Putrid",,,,,,,,,,,,
actiondesc_damage_bane_slime,"Deals an additional 30% damage to slimy-aligned foes.",,,,,,,,,,,,
actionname_damage_bane_robot,"Bane of the Mechanical",,,,,,,,,,,,
actiondesc_damage_bane_robot,"Deals an additional 30% damage to robotic-aligned foes.",,,,,,,,,,,,
actionname_damage_bane_orcs,"Bane of the Adept",,,,,,,,,,,,
actiondesc_damage_bane_orcs,"Deals an additional 30% damage to hiisi-aligned foes.",,,,,,,,,,,,
actionname_damage_bane_mage,"Bane of the Arcane",,,,,,,,,,,,
actiondesc_damage_bane_mage,"Deals an additional 30% damage to mage-aligned foes.",,,,,,,,,,,,
actionname_damage_bane_ghost,"Bane of the Otherworldly",,,,,,,,,,,,
actiondesc_damage_bane_ghost,"Deals an additional 30% damage to ghostly-aligned foes.",,,,,,,,,,,,
actionname_nettles,"Nettle Burst",,,,,,,,,,,,
actiondesc_nettles,"A thorny blast of nature that causes enemies to take increased damage!",,,,,,,,,,,,
actionname_cold_hearted,"Cold Hearted",,,,,,,,,,,,
actiondesc_cold_hearted,"You gain 3 ice damage on kill for 10 seconds, up to a limit of 15 damage.",,,,,,,,,,,,
actionname_area_of_effect,"Mass Infliction",,,,,,,,,,,,
actiondesc_area_of_effect,"A wide-range spell that does paltry damage. Pair with modifiers!",,,,,,,,,,,,
actionname_area_of_effect,"Swarm Bolt",,,,,,,,,,,,
actiondesc_area_of_effect,"A spark of magic that attracts other swarm bolts on hit.",,,,,,,,,,,,
actionname_blood_forge,"Blood Forge",,,,,,,,,,,,
actiondesc_blood_forge,"Kills have a chance to restore spell charges.",,,,,,,,,,,,
actionname_chrono_forge,"Chrono Forge",,,,,,,,,,,,
actiondesc_chrono_forge,"Spells recoup charges over time. Disabled while inactive.",,,,,,,,,,,,
actionname_arcanum_armament,"Arcanum: Armament",,,,,,,,,,,,
actiondesc_arcanum_armament,"This wand fights for you, BUT this wand is uncastable.",,,,,,,,,,,,
actionname_arcanum_axiom,"Arcanum: Axiom",,,,,,,,,,,,
actiondesc_arcanum_axiom,"The next spell is an always cast on all wands, BUT this wand is uncastable.",,,,,,,,,,,,
actionname_arcanum_anathema,"Arcanum: Anathema",,,,,,,,,,,,
actiondesc_arcanum_anathema,"Reduced damage to all spells, BUT spent mana damages enemies.",,,,,,,,,,,,
actionname_arcanum_accelerant,"Arcanum: Accelerant",,,,,,,,,,,,
actiondesc_arcanum_accelerant,"1/3 of damage is dealt to ALL targets nearby.",,,,,,,,,,,,
actionname_arcanum_aegis,"Arcanum: Aegis",,,,,,,,,,,,
actiondesc_arcanum_aegis,"Negates one hit every 15 seconds to ALL targets nearby.",,,,,,,,,,,,
actionname_mana_burnout,"Parasitic Consumption",,,,,,,,,,,,
actiondesc_mana_burnout,"Consumes 10% mana capacity, converting it to 2x damage.",,,,,,,,,,,,
actionname_arcanum_audit,"Arcanum: Audit",,,,,,,,,,,,
actiondesc_arcanum_audit,"",,,,,,,,,,,,
actionname_flurry,"Flurry Sharpshot",,,,,,,,,,,,
actiondesc_flurry,"Charge an arcane weapon that fires at all in sight. Maximum of 20 charges.",,,,,,,,,,,,
actionname_flurry2,"Flurry Firestorm",,,,,,,,,,,,
actiondesc_flurry2,"Charge arcane weapons to distribute 20 shots. Maximum of 20 weapons.",,,,,,,,,,,,
actionname_SRS,"Serious Cannonball",,,,,,,,,,,,
actiondesc_SRS,"Charge a heavy cannonball that obliterates foes. Maximum of 8 charges.",,,,,,,,,,,,
actionname_absorption_blast,"Absorption Wave",,,,,,,,,,,,
actiondesc_absorption_blast,"Charge to absorb projectiles, up to 10 seconds. Absorbed projectiles reduce time. Fires a destructive wave, incurring recharge.",,,,,,,,,,,,